{
    "results": [
        {
            "all_unique_moles": 40,
            "llm_calls": 0,
            "Uniqueness": 1.0,
            "Validity": -5999999.0,
            "Training_step": 0,
            "avg_top1": 0.35863095238095244,
            "avg_top10": 0.3452019119047619,
            "avg_top100": -233.57385559294417,
            "top1_auc": 0.0014345238095238098,
            "top10_auc": 0.0013808076476190475,
            "top100_auc": -0.9342954223717767,
            "hypervolume": 0.01934821428571431,
            "input_tokens": 0,
            "output_tokens": 0,
            "generated_num": 0,
            "running_time[s]": 1240.1037244796753
        },
        {
            "all_unique_moles": 78,
            "llm_calls": 0,
            "Uniqueness": 0.95000000125,
            "Validity": 0.6750000081249998,
            "Training_step": 0,
            "avg_top1": 0.3597619047619047,
            "avg_top10": 0.3574946642857143,
            "avg_top100": -217.37755475067044,
            "top1_auc": 0.002806142857142857,
            "top10_auc": 0.0027884583814285716,
            "top100_auc": -1.6955449270552294,
            "hypervolume": 0.0197214285714286,
            "input_tokens": 0,
            "output_tokens": 0,
            "generated_num": 40,
            "running_time[s]": 2511.5690863132477
        },
        {
            "all_unique_moles": 117,
            "llm_calls": 0,
            "Uniqueness": 0.96250000046875,
            "Validity": 0.83750000203125,
            "Training_step": 0,
            "avg_top1": 0.4065599642857143,
            "avg_top10": 0.36353694880952386,
            "avg_top100": -149.18904031504832,
            "top1_auc": 0.005447903521428572,
            "top10_auc": 0.00487139511404762,
            "top100_auc": -2.717746516526218,
            "hypervolume": 0.03516478821428576,
            "input_tokens": 0,
            "output_tokens": 0,
            "generated_num": 80,
            "running_time[s]": 3445.4411342144012
        },
        {
            "all_unique_moles": 154,
            "llm_calls": 0,
            "Uniqueness": 0.9500000004166667,
            "Validity": 0.8833333343055556,
            "Training_step": 0,
            "avg_top1": 0.4065599642857143,
            "avg_top10": 0.36353694880952386,
            "avg_top100": -11.9838835448923,
            "top1_auc": 0.008456447257142856,
            "top10_auc": 0.007561568535238096,
            "top100_auc": -3.308091371061717,
            "hypervolume": 0.03516478821428576,
            "input_tokens": 0,
            "output_tokens": 0,
            "generated_num": 120,
            "running_time[s]": 4406.767361164093
        },
        {
            "all_unique_moles": 188,
            "llm_calls": 0,
            "Uniqueness": 0.92500000046875,
            "Validity": 0.9062500005859375,
            "Training_step": 0,
            "avg_top1": 0.4065599642857143,
            "avg_top10": 0.3636500440476191,
            "avg_top100": 0.3425842157862223,
            "top1_auc": 0.011221055014285714,
            "top10_auc": 0.010034615025238097,
            "top100_auc": -3.9564342146467184,
            "hypervolume": 0.03516478821428576,
            "input_tokens": 0,
            "output_tokens": 0,
            "generated_num": 160,
            "running_time[s]": 5343.790581703186
        },
        {
            "all_unique_moles": 221,
            "llm_calls": 0,
            "Uniqueness": 0.905000000475,
            "Validity": 0.915000000425,
            "Training_step": 0,
            "avg_top1": 0.4065599642857143,
            "avg_top10": 0.36571882619047624,
            "avg_top100": 0.347245244404762,
            "top1_auc": 0.013904350778571427,
            "top10_auc": 0.01243891404416667,
            "top100_auc": -4.20727646566235,
            "hypervolume": 0.03516478821428576,
            "input_tokens": 0,
            "output_tokens": 0,
            "generated_num": 200,
            "running_time[s]": 6400.2145783901215
        }
    ],
    "params": "exper_name: SACS Jacket Optimization - Code Block Generation\ndescription: Optimizing SACS structure using direct code block generation by LLM.\nsave_dir: ./moo_results/\nsave_suffix: sacs_block_gen_baseline_GA\nresume: False\nmodel:\n  name: zgca,gemini-2.5-flash-nothinking\n  prompt_module: Prompt\n  experience_prob: 0.5\n  crossover_prob: 0.7\n  mutation_prob: 0.3\n  explore_prob: 0\nuse_au: False\ngoals: ['weight', 'uc', 'fatigue']\noptimization_direction: ['min', 'min', 'max']\nprompt_info_path: ./problem/sacs/sacs.yaml\nevalutor_path: problem.sacs.evaluator\nsacs:\n  project_path: /mnt/d/wsl_sacs_exchange/demo06_project/Demo06\n  install_path: C:\\Program Files (x86)\\Bentley\\Engineering\\SACS CONNECT Edition V16 Update 1\n  optimizable_blocks: ['GRUP LG1', 'GRUP LG2', 'GRUP LG3', 'GRUP LG4', 'GRUP T01', 'GRUP T02', 'GRUP T03', 'PGRUP P01']\noptimization:\n  pop_size: 40\n  eval_budget: 5000\nbaseline:\n  mutation_prob: 0.3\n  crossover_prob: 0.7"
}