{
    "results": [
        {
            "all_unique_moles": 40,
            "llm_calls": 0,
            "Uniqueness": 1.0,
            "Validity": -5999999.0,
            "Training_step": 0,
            "avg_top1": 0.33333333333333337,
            "avg_top10": 0.33333333333333337,
            "avg_top100": 0.12447429597361112,
            "top1_auc": 0.0013333333333333335,
            "top10_auc": 0.0013333333333333335,
            "top100_auc": 0.0004978971838944446,
            "hypervolume": 0.01100000000000002,
            "input_tokens": 0,
            "output_tokens": 0,
            "generated_num": 0,
            "running_time[s]": 193.49177026748657
        },
        {
            "all_unique_moles": 62,
            "llm_calls": 20,
            "Uniqueness": 1.0,
            "Validity": 0.13636367561983298,
            "Training_step": 0,
            "avg_top1": 0.33333333333333337,
            "avg_top10": 0.33333333333333337,
            "avg_top100": -9.475406685393367,
            "top1_auc": 0.0020666666666666667,
            "top10_auc": 0.0020666666666666667,
            "top100_auc": -0.05874752144943887,
            "hypervolume": 0.01100000000000002,
            "input_tokens": 96693,
            "output_tokens": 27728,
            "generated_num": 22,
            "running_time[s]": 273.6385455131531
        },
        {
            "all_unique_moles": 89,
            "llm_calls": 40,
            "Uniqueness": 1.0,
            "Validity": 0.1836734860474798,
            "Training_step": 0,
            "avg_top1": 0.33333333333333337,
            "avg_top10": 0.33333333333333337,
            "avg_top100": -6.814328252745941,
            "top1_auc": 0.002966666666666667,
            "top10_auc": 0.002966666666666667,
            "top100_auc": -0.06064752144943888,
            "hypervolume": 0.01100000000000002,
            "input_tokens": 193832,
            "output_tokens": 61771,
            "generated_num": 49,
            "running_time[s]": 353.56313395500183
        },
        {
            "all_unique_moles": 113,
            "llm_calls": 60,
            "Uniqueness": 0.9733333336888889,
            "Validity": 0.36000000853333325,
            "Training_step": 0,
            "avg_top1": 0.33333333333333337,
            "avg_top10": 0.33333333333333337,
            "avg_top100": -0.15060432778466662,
            "top1_auc": 0.0042,
            "top10_auc": 0.0042,
            "top100_auc": -0.06876960425242012,
            "hypervolume": 0.01100000000000002,
            "input_tokens": 290950,
            "output_tokens": 94578,
            "generated_num": 75,
            "running_time[s]": 473.2011487483978
        },
        {
            "all_unique_moles": 139,
            "llm_calls": 80,
            "Uniqueness": 0.9801980199980393,
            "Validity": 0.3465346599353004,
            "Training_step": 0,
            "avg_top1": 0.33333333333333337,
            "avg_top10": 0.33333333333333337,
            "avg_top100": -0.043937661117999946,
            "top1_auc": 0.005933333333333334,
            "top10_auc": 0.005933333333333334,
            "top100_auc": -0.08452322226823372,
            "hypervolume": 0.01100000000000002,
            "input_tokens": 416450,
            "output_tokens": 127613,
            "generated_num": 101,
            "running_time[s]": 559.7882468700409
        },
        {
            "all_unique_moles": 168,
            "llm_calls": 100,
            "Uniqueness": 0.9770992368160364,
            "Validity": 0.3435114553930423,
            "Training_step": 0,
            "avg_top1": 0.33333333333333337,
            "avg_top10": 0.33333333333333337,
            "avg_top100": 0.07606233888200008,
            "top1_auc": 0.007866666666666668,
            "top10_auc": 0.007866666666666668,
            "top100_auc": -0.1014332321063848,
            "hypervolume": 0.01100000000000002,
            "input_tokens": 545651,
            "output_tokens": 165884,
            "generated_num": 131,
            "running_time[s]": 662.739251613617
        },
        {
            "all_unique_moles": 194,
            "llm_calls": 120,
            "Uniqueness": 0.9808917198669317,
            "Validity": 0.3694267556087467,
            "Training_step": 0,
            "avg_top1": 0.33333333333333337,
            "avg_top10": 0.33333333333333337,
            "avg_top100": 0.2360623388820001,
            "top1_auc": 0.0096,
            "top10_auc": 0.0096,
            "top100_auc": -0.11550951678886504,
            "hypervolume": 0.01100000000000002,
            "input_tokens": 672880,
            "output_tokens": 199035,
            "generated_num": 157,
            "running_time[s]": 767.7105138301849
        },
        {
            "all_unique_moles": 218,
            "llm_calls": 140,
            "Uniqueness": 0.9780219781427364,
            "Validity": 0.3571428606750392,
            "Training_step": 0,
            "avg_top1": 0.33333333333333337,
            "avg_top10": 0.33333333333333337,
            "avg_top100": 0.316062338882,
            "top1_auc": 0.0112,
            "top10_auc": 0.0112,
            "top100_auc": -0.1178578093468981,
            "hypervolume": 0.01100000000000002,
            "input_tokens": 801470,
            "output_tokens": 230931,
            "generated_num": 182,
            "running_time[s]": 848.5416388511658
        },
        {
            "all_unique_moles": 247,
            "llm_calls": 160,
            "Uniqueness": 0.9810426541182813,
            "Validity": 0.36018957649199257,
            "Training_step": 0,
            "avg_top1": 0.33333333333333337,
            "avg_top10": 0.33333333333333337,
            "avg_top100": 0.3333333333333335,
            "top1_auc": 0.013133333333333334,
            "top10_auc": 0.013133333333333334,
            "top100_auc": -0.11613680744079456,
            "hypervolume": 0.01100000000000002,
            "input_tokens": 929683,
            "output_tokens": 267845,
            "generated_num": 211,
            "running_time[s]": 1015.5561149120331
        },
        {
            "all_unique_moles": 272,
            "llm_calls": 180,
            "Uniqueness": 0.9830508475294456,
            "Validity": 0.38135593482476293,
            "Training_step": 0,
            "avg_top1": 0.33333333333333337,
            "avg_top10": 0.33333333333333337,
            "avg_top100": 0.3333333333333335,
            "top1_auc": 0.0148,
            "top10_auc": 0.0148,
            "top100_auc": -0.11467998492692291,
            "hypervolume": 0.01100000000000002,
            "input_tokens": 1055384,
            "output_tokens": 299571,
            "generated_num": 236,
            "running_time[s]": 1123.1094908714294
        },
        {
            "all_unique_moles": 294,
            "llm_calls": 200,
            "Uniqueness": 0.9806949807695174,
            "Validity": 0.3822393846245583,
            "Training_step": 0,
            "avg_top1": 0.33333333333333337,
            "avg_top10": 0.33333333333333337,
            "avg_top100": 0.3333333333333335,
            "top1_auc": 0.01626666666666667,
            "top10_auc": 0.01626666666666667,
            "top100_auc": -0.11339798111471584,
            "hypervolume": 0.01100000000000002,
            "input_tokens": 1181479,
            "output_tokens": 330021,
            "generated_num": 259,
            "running_time[s]": 1206.6531474590302
        },
        {
            "all_unique_moles": 320,
            "llm_calls": 220,
            "Uniqueness": 0.9790209790943323,
            "Validity": 0.39510489721991293,
            "Training_step": 0,
            "avg_top1": 0.33333333333333337,
            "avg_top10": 0.33333333333333337,
            "avg_top100": 0.3333333333333335,
            "top1_auc": 0.018000000000000002,
            "top10_auc": 0.018000000000000002,
            "top100_auc": -0.1117150103780533,
            "hypervolume": 0.01100000000000002,